{
  "homography": [
    [
      0.33151769828492833,
      0.20332384981975815,
      -137.57511632662147
    ],
    [
      0.044198323399631215,
      -0.4018726168070507,
      271.21981802135974
    ],
    [
      -0.00010703313921350631,
      0.001171650806384313,
      1.0
    ]
  ],
  "image_width": 1600,
  "image_height": 896,
  "world": {
    "world_width_cm": 305.0,
    "world_height_cm": 268.0,
    "origin": "bottom_left"
  },
  "camera": {
    "height_cm": 195.0,
    "angle_degrees": 42.0,
    "robot_height_cm": 5.0
  },
  "waypoint_connections": {
    "connections": [
      [
        0,
        1
      ],
      [
        1,
        2
      ],
      [
        2,
        3
      ],
      [
        3,
        0
      ],
      [
        0,
        4
      ],
      [
        4,
        1
      ],
      [
        1,
        8
      ],
      [
        8,
        2
      ],
      [
        2,
        6
      ],
      [
        6,
        3
      ],
      [
        3,
        7
      ],
      [
        7,
        0
      ],
      [
        4,
        5
      ],
      [
        5,
        6
      ],
      [
        6,
        5
      ],
      [
        5,
        4
      ],
      [
        7,
        5
      ],
      [
        5,
        8
      ],
      [
        8,
        5
      ],
      [
        5,
        7
      ],
      [
        7,
        9
      ],
      [
        9,
        5
      ],
      [
        5,
        9
      ],
      [
        9,
        7
      ]
    ],
    "description": "Logical road network connections between waypoints"
  }
}