{
  "homography": [
    [
      0.33151769828492833,
      0.20332384981975815,
      -137.57511632662147
    ],
    [
      0.044198323399631215,
      -0.4018726168070507,
      271.21981802135974
    ],
    [
      -0.00010703313921350631,
      0.001171650806384313,
      1.0
    ]
  ],
  "image_width": 1600,
  "image_height": 896,
  "world": {
    "world_width_cm": 305.0,
    "world_height_cm": 268.0,
    "origin": "bottom_left"
  },
  "camera": {
    "height_cm": 195.0,
    "angle_degrees": 42.0,
    "robot_height_cm": 5.0
  },
  "waypoints": [
    {
      "name": "Outer_TopLeft",
      "description": "Outer track top-left corner",
      "world_x": 24.076373786445043,
      "world_y": 221.80355613557023,
      "color": [
        255,
        0,
        0
      ]
    },
    {
      "name": "Outer_TopRight",
      "description": "Outer track top-right corner",
      "world_x": 268.80838489667354,
      "world_y": 214.202936765188,
      "color": [
        0,
        255,
        0
      ]
    },
    {
      "name": "Outer_BottomRight",
      "description": "Outer track bottom-right corner",
      "world_x": 262.26827594728513,
      "world_y": 21.198100254532452,
      "color": [
        0,
        0,
        255
      ]
    },
    {
      "name": "Outer_BottomLeft",
      "description": "Outer track bottom-left corner",
      "world_x": 24.73768875754697,
      "world_y": 19.996247387078867,
      "color": [
        255,
        255,
        0
      ]
    },
    {
      "name": "Intersection_Top",
      "description": "Top intersection with crosswalk",
      "world_x": 179.09824075368104,
      "world_y": 225.85892993881654,
      "color": [
        255,
        0,
        255
      ]
    },
    {
      "name": "Intersection_Center",
      "description": "Center intersection with crosswalk",
      "world_x": 179.4587518714143,
      "world_y": 127.21040997543932,
      "color": [
        0,
        255,
        255
      ]
    },
    {
      "name": "Intersection_Bottom",
      "description": "Bottom intersection with crosswalk",
      "world_x": 178.21379479739417,
      "world_y": 12.465204475601286,
      "color": [
        255,
        165,
        0
      ]
    },
    {
      "name": "Intersection_Left",
      "description": "Left intersection with crosswalk",
      "world_x": 21.317929739011063,
      "world_y": 128.46559182344214,
      "color": [
        128,
        0,
        128
      ]
    },
    {
      "name": "Intersection_Right",
      "description": "Right intersection with crosswalk",
      "world_x": 275.33344043899973,
      "world_y": 126.46347467683073,
      "color": [
        255,
        192,
        203
      ]
    },
    {
      "name": "Parking",
      "description": "Left parking slot",
      "world_x": 97.93372536183911,
      "world_y": 129.73286541674224,
      "color": [
        0,
        128,
        0
      ]
    }
  ],
  "parking_zones": [
    {
      "name": "Zone_1",
      "x1": 67.40922105785286,
      "y1": 67.80203138869389,
      "x2": 130.89988780912648,
      "y2": 107.53716852510127,
      "color": [
        0,
        255,
        0
      ]
    }
  ]
}