[
  {
    "name": "Outer_TopLeft",
    "description": "Outer track top-left corner",
    "world_x": 32.85634466266817,
    "world_y": 106.24802497751226,
    "color": [
      255,
      0,
      0
    ]
  },
  {
    "name": "Outer_TopRight",
    "description": "Outer track top-right corner",
    "world_x": 209.2658691850345,
    "world_y": 132.9654197414781,
    "color": [
      0,
      255,
      0
    ]
  },
  {
    "name": "Outer_BottomRight",
    "description": "Outer track bottom-right corner",
    "world_x": 236.32766318991386,
    "world_y": 18.325206198322228,
    "color": [
      0,
      0,
      255
    ]
  },
  {
    "name": "Outer_BottomLeft",
    "description": "Outer track bottom-left corner",
    "world_x": 28.13202147949477,
    "world_y": -11.064865061372114,
    "color": [
      255,
      255,
      0
    ]
  },
  {
    "name": "Intersection_Top",
    "description": "Top intersection with crosswalk",
    "world_x": 141.49927222456512,
    "world_y": 127.2076586554355,
    "color": [
      255,
      0,
      255
    ]
  },
  {
    "name": "Intersection_Center",
    "description": "Center intersection with crosswalk",
    "world_x": 148.4199329766914,
    "world_y": 78.04406235477177,
    "color": [
      0,
      255,
      255
    ]
  },
  {
    "name": "Intersection_Bottom",
    "description": "Bottom intersection with crosswalk",
    "world_x": 159.0615096529913,
    "world_y": 0.5373726551754757,
    "color": [
      255,
      165,
      0
    ]
  },
  {
    "name": "Intersection_Left",
    "description": "Left intersection with crosswalk",
    "world_x": 27.82047337762044,
    "world_y": 59.15120251969132,
    "color": [
      128,
      0,
      128
    ]
  },
  {
    "name": "Intersection_Right",
    "description": "Right intersection with crosswalk",
    "world_x": 225.86450810118558,
    "world_y": 89.06808107582971,
    "color": [
      255,
      192,
      203
    ]
  },
  {
    "name": "Parking_Left",
    "description": "Left parking slot",
    "world_x": 89.23044123477837,
    "world_y": 69.75520204578046,
    "color": [
      0,
      128,
      0
    ]
  }
]